--
-- PostgreSQL database dump
--

-- Dumped from database version 15.2
-- Dumped by pg_dump version 15.2

SET statement_timeout = 0;
SET lock_timeout = 0;
SET idle_in_transaction_session_timeout = 0;
SET client_encoding = 'UTF8';
SET standard_conforming_strings = on;
SELECT pg_catalog.set_config('search_path', '', false);
SET check_function_bodies = false;
SET xmloption = content;
SET client_min_messages = warning;
SET row_security = off;

SET default_tablespace = '';

SET default_table_access_method = heap;

--
-- Name: auth_group; Type: TABLE; Schema: public; Owner: postgres
--

CREATE TABLE public.auth_group (
    id integer NOT NULL,
    name character varying(150) NOT NULL
);


ALTER TABLE public.auth_group OWNER TO postgres;

--
-- Name: auth_group_id_seq; Type: SEQUENCE; Schema: public; Owner: postgres
--

ALTER TABLE public.auth_group ALTER COLUMN id ADD GENERATED BY DEFAULT AS IDENTITY (
    SEQUENCE NAME public.auth_group_id_seq
    START WITH 1
    INCREMENT BY 1
    NO MINVALUE
    NO MAXVALUE
    CACHE 1
);


--
-- Name: auth_group_permissions; Type: TABLE; Schema: public; Owner: postgres
--

CREATE TABLE public.auth_group_permissions (
    id bigint NOT NULL,
    group_id integer NOT NULL,
    permission_id integer NOT NULL
);


ALTER TABLE public.auth_group_permissions OWNER TO postgres;

--
-- Name: auth_group_permissions_id_seq; Type: SEQUENCE; Schema: public; Owner: postgres
--

ALTER TABLE public.auth_group_permissions ALTER COLUMN id ADD GENERATED BY DEFAULT AS IDENTITY (
    SEQUENCE NAME public.auth_group_permissions_id_seq
    START WITH 1
    INCREMENT BY 1
    NO MINVALUE
    NO MAXVALUE
    CACHE 1
);


--
-- Name: auth_permission; Type: TABLE; Schema: public; Owner: postgres
--

CREATE TABLE public.auth_permission (
    id integer NOT NULL,
    name character varying(255) NOT NULL,
    content_type_id integer NOT NULL,
    codename character varying(100) NOT NULL
);


ALTER TABLE public.auth_permission OWNER TO postgres;

--
-- Name: auth_permission_id_seq; Type: SEQUENCE; Schema: public; Owner: postgres
--

ALTER TABLE public.auth_permission ALTER COLUMN id ADD GENERATED BY DEFAULT AS IDENTITY (
    SEQUENCE NAME public.auth_permission_id_seq
    START WITH 1
    INCREMENT BY 1
    NO MINVALUE
    NO MAXVALUE
    CACHE 1
);


--
-- Name: auth_user; Type: TABLE; Schema: public; Owner: postgres
--

CREATE TABLE public.auth_user (
    id integer NOT NULL,
    password character varying(128) NOT NULL,
    last_login timestamp with time zone,
    is_superuser boolean NOT NULL,
    username character varying(150) NOT NULL,
    first_name character varying(150) NOT NULL,
    last_name character varying(150) NOT NULL,
    email character varying(254) NOT NULL,
    is_staff boolean NOT NULL,
    is_active boolean NOT NULL,
    date_joined timestamp with time zone NOT NULL
);


ALTER TABLE public.auth_user OWNER TO postgres;

--
-- Name: auth_user_groups; Type: TABLE; Schema: public; Owner: postgres
--

CREATE TABLE public.auth_user_groups (
    id bigint NOT NULL,
    user_id integer NOT NULL,
    group_id integer NOT NULL
);


ALTER TABLE public.auth_user_groups OWNER TO postgres;

--
-- Name: auth_user_groups_id_seq; Type: SEQUENCE; Schema: public; Owner: postgres
--

ALTER TABLE public.auth_user_groups ALTER COLUMN id ADD GENERATED BY DEFAULT AS IDENTITY (
    SEQUENCE NAME public.auth_user_groups_id_seq
    START WITH 1
    INCREMENT BY 1
    NO MINVALUE
    NO MAXVALUE
    CACHE 1
);


--
-- Name: auth_user_id_seq; Type: SEQUENCE; Schema: public; Owner: postgres
--

ALTER TABLE public.auth_user ALTER COLUMN id ADD GENERATED BY DEFAULT AS IDENTITY (
    SEQUENCE NAME public.auth_user_id_seq
    START WITH 1
    INCREMENT BY 1
    NO MINVALUE
    NO MAXVALUE
    CACHE 1
);


--
-- Name: auth_user_user_permissions; Type: TABLE; Schema: public; Owner: postgres
--

CREATE TABLE public.auth_user_user_permissions (
    id bigint NOT NULL,
    user_id integer NOT NULL,
    permission_id integer NOT NULL
);


ALTER TABLE public.auth_user_user_permissions OWNER TO postgres;

--
-- Name: auth_user_user_permissions_id_seq; Type: SEQUENCE; Schema: public; Owner: postgres
--

ALTER TABLE public.auth_user_user_permissions ALTER COLUMN id ADD GENERATED BY DEFAULT AS IDENTITY (
    SEQUENCE NAME public.auth_user_user_permissions_id_seq
    START WITH 1
    INCREMENT BY 1
    NO MINVALUE
    NO MAXVALUE
    CACHE 1
);


--
-- Name: chatbot_doctordetails; Type: TABLE; Schema: public; Owner: postgres
--

CREATE TABLE public.chatbot_doctordetails (
    id bigint NOT NULL,
    doctorname character varying(100),
    department character varying(100),
    experience integer,
    positive_count integer,
    negative_count integer,
    neutral_count integer,
    total_reviews integer,
    rank_math double precision,
    rank integer,
    contact_number character varying(100),
    hospital_name character varying(100),
    place character varying(100),
    CONSTRAINT chatbot_doctordetails_experience_check CHECK ((experience >= 0)),
    CONSTRAINT chatbot_doctordetails_negative_count_check CHECK ((negative_count >= 0)),
    CONSTRAINT chatbot_doctordetails_neutral_count_check CHECK ((neutral_count >= 0)),
    CONSTRAINT chatbot_doctordetails_positive_count_check CHECK ((positive_count >= 0)),
    CONSTRAINT chatbot_doctordetails_rank_check CHECK ((rank >= 0)),
    CONSTRAINT chatbot_doctordetails_total_reviews_check CHECK ((total_reviews >= 0))
);


ALTER TABLE public.chatbot_doctordetails OWNER TO postgres;

--
-- Name: chatbot_doctordetails_id_seq; Type: SEQUENCE; Schema: public; Owner: postgres
--

ALTER TABLE public.chatbot_doctordetails ALTER COLUMN id ADD GENERATED BY DEFAULT AS IDENTITY (
    SEQUENCE NAME public.chatbot_doctordetails_id_seq
    START WITH 1
    INCREMENT BY 1
    NO MINVALUE
    NO MAXVALUE
    CACHE 1
);


--
-- Name: chatbot_multipledoctors; Type: TABLE; Schema: public; Owner: postgres
--

CREATE TABLE public.chatbot_multipledoctors (
    id bigint NOT NULL,
    "user" character varying(255),
    department character varying(255),
    place character varying(100),
    hospital_name character varying(100),
    experience bigint,
    CONSTRAINT chatbot_multipledetails_experience_check CHECK ((experience >= 0))
);


ALTER TABLE public.chatbot_multipledoctors OWNER TO postgres;

--
-- Name: chatbot_multipledetails_id_seq; Type: SEQUENCE; Schema: public; Owner: postgres
--

ALTER TABLE public.chatbot_multipledoctors ALTER COLUMN id ADD GENERATED BY DEFAULT AS IDENTITY (
    SEQUENCE NAME public.chatbot_multipledetails_id_seq
    START WITH 1
    INCREMENT BY 1
    NO MINVALUE
    NO MAXVALUE
    CACHE 1
);


--
-- Name: chatbot_review; Type: TABLE; Schema: public; Owner: postgres
--

CREATE TABLE public.chatbot_review (
    id bigint NOT NULL,
    department character varying(100),
    doctor_id_id bigint NOT NULL,
    review text
);


ALTER TABLE public.chatbot_review OWNER TO postgres;

--
-- Name: chatbot_review_id_seq; Type: SEQUENCE; Schema: public; Owner: postgres
--

ALTER TABLE public.chatbot_review ALTER COLUMN id ADD GENERATED BY DEFAULT AS IDENTITY (
    SEQUENCE NAME public.chatbot_review_id_seq
    START WITH 1
    INCREMENT BY 1
    NO MINVALUE
    NO MAXVALUE
    CACHE 1
);


--
-- Name: django_admin_log; Type: TABLE; Schema: public; Owner: postgres
--

CREATE TABLE public.django_admin_log (
    id integer NOT NULL,
    action_time timestamp with time zone NOT NULL,
    object_id text,
    object_repr character varying(200) NOT NULL,
    action_flag smallint NOT NULL,
    change_message text NOT NULL,
    content_type_id integer,
    user_id integer NOT NULL,
    CONSTRAINT django_admin_log_action_flag_check CHECK ((action_flag >= 0))
);


ALTER TABLE public.django_admin_log OWNER TO postgres;

--
-- Name: django_admin_log_id_seq; Type: SEQUENCE; Schema: public; Owner: postgres
--

ALTER TABLE public.django_admin_log ALTER COLUMN id ADD GENERATED BY DEFAULT AS IDENTITY (
    SEQUENCE NAME public.django_admin_log_id_seq
    START WITH 1
    INCREMENT BY 1
    NO MINVALUE
    NO MAXVALUE
    CACHE 1
);


--
-- Name: django_content_type; Type: TABLE; Schema: public; Owner: postgres
--

CREATE TABLE public.django_content_type (
    id integer NOT NULL,
    app_label character varying(100) NOT NULL,
    model character varying(100) NOT NULL
);


ALTER TABLE public.django_content_type OWNER TO postgres;

--
-- Name: django_content_type_id_seq; Type: SEQUENCE; Schema: public; Owner: postgres
--

ALTER TABLE public.django_content_type ALTER COLUMN id ADD GENERATED BY DEFAULT AS IDENTITY (
    SEQUENCE NAME public.django_content_type_id_seq
    START WITH 1
    INCREMENT BY 1
    NO MINVALUE
    NO MAXVALUE
    CACHE 1
);


--
-- Name: django_migrations; Type: TABLE; Schema: public; Owner: postgres
--

CREATE TABLE public.django_migrations (
    id bigint NOT NULL,
    app character varying(255) NOT NULL,
    name character varying(255) NOT NULL,
    applied timestamp with time zone NOT NULL
);


ALTER TABLE public.django_migrations OWNER TO postgres;

--
-- Name: django_migrations_id_seq; Type: SEQUENCE; Schema: public; Owner: postgres
--

ALTER TABLE public.django_migrations ALTER COLUMN id ADD GENERATED BY DEFAULT AS IDENTITY (
    SEQUENCE NAME public.django_migrations_id_seq
    START WITH 1
    INCREMENT BY 1
    NO MINVALUE
    NO MAXVALUE
    CACHE 1
);


--
-- Name: django_session; Type: TABLE; Schema: public; Owner: postgres
--

CREATE TABLE public.django_session (
    session_key character varying(40) NOT NULL,
    session_data text NOT NULL,
    expire_date timestamp with time zone NOT NULL
);


ALTER TABLE public.django_session OWNER TO postgres;

--
-- Data for Name: auth_group; Type: TABLE DATA; Schema: public; Owner: postgres
--

COPY public.auth_group (id, name) FROM stdin;
\.


--
-- Data for Name: auth_group_permissions; Type: TABLE DATA; Schema: public; Owner: postgres
--

COPY public.auth_group_permissions (id, group_id, permission_id) FROM stdin;
\.


--
-- Data for Name: auth_permission; Type: TABLE DATA; Schema: public; Owner: postgres
--

COPY public.auth_permission (id, name, content_type_id, codename) FROM stdin;
1	Can add log entry	1	add_logentry
2	Can change log entry	1	change_logentry
3	Can delete log entry	1	delete_logentry
4	Can view log entry	1	view_logentry
5	Can add permission	2	add_permission
6	Can change permission	2	change_permission
7	Can delete permission	2	delete_permission
8	Can view permission	2	view_permission
9	Can add group	3	add_group
10	Can change group	3	change_group
11	Can delete group	3	delete_group
12	Can view group	3	view_group
13	Can add user	4	add_user
14	Can change user	4	change_user
15	Can delete user	4	delete_user
16	Can view user	4	view_user
17	Can add content type	5	add_contenttype
18	Can change content type	5	change_contenttype
19	Can delete content type	5	delete_contenttype
20	Can view content type	5	view_contenttype
21	Can add session	6	add_session
22	Can change session	6	change_session
23	Can delete session	6	delete_session
24	Can view session	6	view_session
25	Can add doctor details	7	add_doctordetails
26	Can change doctor details	7	change_doctordetails
27	Can delete doctor details	7	delete_doctordetails
28	Can view doctor details	7	view_doctordetails
29	Can add review	8	add_review
30	Can change review	8	change_review
31	Can delete review	8	delete_review
32	Can view review	8	view_review
33	Can add multiple doctors	9	add_multipledoctors
34	Can change multiple doctors	9	change_multipledoctors
35	Can delete multiple doctors	9	delete_multipledoctors
36	Can view multiple doctors	9	view_multipledoctors
\.


--
-- Data for Name: auth_user; Type: TABLE DATA; Schema: public; Owner: postgres
--

COPY public.auth_user (id, password, last_login, is_superuser, username, first_name, last_name, email, is_staff, is_active, date_joined) FROM stdin;
2	pbkdf2_sha256$720000$DyMGQzQx7KaelL4tLV0BJ8$aLsp7VR6/haogFIgpDP3GOkZg3TiXWAvywq0DCYAU7A=	\N	t	sudev			sudev@gmail.com	t	t	2024-02-22 11:09:06.815753+05:30
1	pbkdf2_sha256$720000$Ji90Tj3rbZ5EfWV6Xcvieb$dakLwaugRnZYn0VmApdpQQAadkfy1FmNTv4RKE0rS3k=	2024-02-22 11:10:35.266137+05:30	t	admin			admin@gmail.com	t	t	2023-11-29 16:29:56.368624+05:30
\.


--
-- Data for Name: auth_user_groups; Type: TABLE DATA; Schema: public; Owner: postgres
--

COPY public.auth_user_groups (id, user_id, group_id) FROM stdin;
\.


--
-- Data for Name: auth_user_user_permissions; Type: TABLE DATA; Schema: public; Owner: postgres
--

COPY public.auth_user_user_permissions (id, user_id, permission_id) FROM stdin;
\.


--
-- Data for Name: chatbot_doctordetails; Type: TABLE DATA; Schema: public; Owner: postgres
--

COPY public.chatbot_doctordetails (id, doctorname, department, experience, positive_count, negative_count, neutral_count, total_reviews, rank_math, rank, contact_number, hospital_name, place) FROM stdin;
102	Christine Alvarado	General	1	61	64	33	158	-0.0189873417721519	6	+91-2252012732	Amala Hospital	Thrissur
1	David Chavez	Cardiology	3	65	72	43	180	-0.03888888888888889	5	+91-9507604768	Jubilee Mission	Ernakulam
32	Aaron Cummings	Psychology	2	56	70	40	166	-0.0843373493975903	4	+91-5171287876	Jubilee Mission	Ernakulam
112	Amanda Johnson	Pediatrics	3	75	60	38	173	0.0867052023121387	1	+91-4580636234	Jubilee Mission	Ernakulam
12	Michael Rodriguez MD	Pediatrics	5	51	58	42	151	-0.0463576158940397	6	+91-3379597063	MIMS	Calicut
137	Robin Thomas	Ortho	3	68	73	41	182	-0.0274725274725274	3	+91-7846581025	MIMS	Calicut
130	Candice Strickland	Ortho	5	68	73	41	182	-0.0274725274725274	6	+91-1527464381	Co-operative	Calicut
14	Crystal King	ENT	2	53	67	28	148	-0.0945945945945946	2	+91-7452250539	MIMS	Calicut
131	Lucas Mann	Pediatrics	2	74	66	34	174	0.0459770114942528	3	+91-2431599359	MIMS	Calicut
34	Daniel Curry	General	5	73	75	37	185	-0.0108108108108108	5	+91-7893205751	Amala Hospital	Thrissur
35	Victor Myers	Ortho	5	73	55	48	176	0.1022727272727272	3	+91-8043461724	Co-operative	Calicut
116	Mark Wilson MD	Pediatrics	2	76	67	43	186	0.0483870967741935	2	+91-2929153339	Jubilee Mission	Ernakulam
83	Mary Anderson	ENT	5	70	60	38	168	0.0595238095238095	2	+91-8813928259	Jubilee Mission	Ernakulam
101	Adam Stewart	Ortho	2	67	55	41	163	0.0736196319018405	3	+91-2953629330	Nayara	Ernakulam
133	Mark Jenkins	Psychology	2	78	63	37	178	0.0842696629213483	2	+91-5104306054	MIMS	Calicut
65	David White	ENT	5	63	69	46	178	-0.0337078651685393	4	+91-3397878157	Jubilee Mission	Ernakulam
98	Julie Flores	Ortho	3	62	71	40	173	-0.0520231213872832	4	+91-3009213113	MIMS	Calicut
145	Christopher Schultz	General	3	72	52	38	162	0.1234567901234567	1	+91-3867868555	Co-operative	Calicut
85	Isabella Cain	Cardiology	4	67	55	41	163	0.0736196319018405	3	+91-5126985414	Amala Hospital	Thrissur
86	Mike Gonzalez	Ortho	2	64	55	32	151	0.0596026490066225	4	+91-5053836499	Jubilee Mission	Ernakulam
52	Laura Green	Psychology	3	67	65	48	180	0.0111111111111111	7	+91-5752047782	MIMS	Calicut
53	Kenneth Steele	Ortho	1	76	60	33	169	0.0946745562130177	3	+91-5521838823	Jubilee Mission	Ernakulam
78	Victoria Webb	Psychology	4	73	75	37	185	-0.0108108108108108	8	+91-1897311699	MIMS	Calicut
79	Diane Reynolds	Pediatrics	1	75	67	49	191	0.0418848167539267	1	+91-8558374705	Nayara	Ernakulam
80	Denise Palmer	Pediatrics	1	68	48	34	150	0.1333333333333333	1	+91-3192554494	MIMS	Calicut
81	Paul Kramer	Cardiology	2	53	67	28	148	-0.0945945945945946	7	+91-7480253266	MIMS	Calicut
82	Joseph Moran	ENT	5	59	74	46	179	-0.0837988826815642	5	+91-6302884880	Jubilee Mission	Ernakulam
38	Justin Parks	Cardiology	4	76	60	34	170	0.09411764705882353	1	+91-2440206515	Nayara	Ernakulam
72	Tracy Munoz Jr.	Cardiology	4	69	65	30	164	0.024390243902439025	1	+91-9924218421	Co-operative	Calicut
36	Daniel Monroe	Pediatrics	2	74	67	58	199	0.0351758793969849	1	+91-1194765508	Medical College	Thrissur
37	Crystal Scott	ENT	3	67	55	41	163	0.0736196319018405	2	+91-5182916624	Nayara	Ernakulam
103	David Valencia	General	3	74	70	39	183	0.0218579234972677	1	+91-5230366541	Jubilee Mission	Ernakulam
104	Karen Ayala MD	ENT	4	60	82	42	184	-0.1195652173913043	4	+91-5567428212	Medical College	Thrissur
105	Mr. Matthew Cortez	Ortho	3	81	62	40	183	0.1038251366120218	2	+91-4412653202	Nayara	Ernakulam
106	Richard Peterson	Psychology	4	70	60	38	168	0.0595238095238095	3	+91-6456649144	MIMS	Calicut
107	Jeffrey Rubio	General	2	62	74	52	188	-0.0638297872340425	2	+91-4190240682	Jubilee Mission	Ernakulam
108	Jason Johnson	General	1	59	56	39	154	0.0194805194805194	2	+91-4512825202	Amala Hospital	Thrissur
24	Taylor Gutierrez	Cardiology	5	51	45	40	136	0.0441176470588235	2	+91-6244531654	Nayara	Ernakulam
25	Laura Hall	General	3	75	68	39	182	0.0384615384615384	2	+91-9885511603	MIMS	Calicut
124	Tiffany Miller	Ortho	1	56	61	41	158	-0.0316455696202531	6	+91-3433702815	Jubilee Mission	Ernakulam
125	Judy Leblanc	Ortho	3	61	70	28	159	-0.0566037735849056	5	+91-5802765519	MIMS	Calicut
143	Lori Peters	Psychology	2	62	74	43	179	-0.0670391061452514	3	+91-8927250043	Nayara	Ernakulam
144	Katherine Levy	Cardiology	3	72	66	43	181	0.0331491712707182	3	+91-2820262844	MIMS	Calicut
114	Charles Howard	Cardiology	2	74	56	44	174	0.10344827586206896	1	+91-1890242410	Amala Hospital	Thrissur
31	Kyle Gilbert	ENT	4	60	71	42	173	-0.06358381502890173	1	+91-2761792796	MIMS	Calicut
84	Katherine Spence	Ortho	4	70	56	34	160	0.0875	1	+91-3296725918	Amala Hospital	Thrissur
39	Joseph Perez	Psychology	4	82	65	48	195	0.0871794871794871	1	+91-3880812167	Amala Hospital	Thrissur
40	Tracy Arnold	Psychology	4	56	70	40	166	-0.0843373493975903	4	+91-5392757496	Jubilee Mission	Ernakulam
41	Amy Gilbert	Ortho	5	66	66	34	166	0	7	+91-1801995477	Nayara	Ernakulam
42	Mary Daniels	Psychology	5	78	63	37	178	0.0842696629213483	1	+91-8795026192	Nayara	Ernakulam
43	Jessica Barrett	Cardiology	4	63	68	38	169	-0.029585798816568	4	+91-8213826374	Amala Hospital	Thrissur
47	Dorothy Miller	General	5	70	60	38	168	0.0595238095238095	3	+91-9038968979	Medical College	Thrissur
48	Renee Smith	Cardiology	2	68	65	34	167	0.0179640718562874	2	+91-7628450363	Co-operative	Calicut
49	Victoria Bryant	General	1	62	74	42	178	-0.0674157303370786	6	+91-2866395282	Medical College	Thrissur
50	Dean Hale	Pediatrics	4	69	65	29	163	0.0245398773006134	5	+91-4857507390	MIMS	Calicut
51	Sarah Ferguson	Ortho	3	58	76	41	175	-0.1028571428571428	6	+91-7472057187	MIMS	Calicut
30	Paula Madden	Psychology	3	56	72	41	169	-0.0946745562130177	3	+91-9636032711	Amala Hospital	Thrissur
97	Frank Ross	Cardiology	2	70	65	41	176	0.0284090909090909	4	+91-2455982086	MIMS	Calicut
54	Jeremy Green	Ortho	2	80	62	24	166	0.108433734939759	2	+91-6711484465	Co-operative	Calicut
129	Danielle Griffin	Cardiology	4	75	67	50	192	0.041666666666666664	2	+91-7688177742	MIMS	Calicut
132	Brooke Green	Pediatrics	3	71	51	34	156	0.1282051282051282	2	+91-3382486105	MIMS	Calicut
134	Troy Farmer	General	4	70	62	36	168	0.047619047619047616	4	+91-8854124549	Medical College	Thrissur
109	Travis Lambert	General	3	65	59	44	168	0.0357142857142857	1	+91-5897608275	Nayara	Ernakulam
110	Stacy Pacheco	Ortho	2	63	66	42	171	-0.0175438596491228	8	+91-1314928613	Nayara	Ernakulam
111	Jodi White	Ortho	1	62	59	32	153	0.0196078431372549	3	+91-4592387659	Amala Hospital	Thrissur
99	Sarah Green	ENT	5	73	55	48	176	0.1022727272727272	1	+91-8449240061	Jubilee Mission	Ernakulam
100	Natalie Sullivan	Ortho	3	70	57	37	164	0.0792682926829268	2	+91-4269136953	Amala Hospital	Thrissur
66	Jason Walker	General	3	62	67	44	173	-0.028901734104046242	8	+91-7313303310	Co-operative	Calicut
128	Monique Mclaughlin	Cardiology	1	89	69	37	195	0.10256410256410256	2	+91-4025032292	Amala Hospital	Thrissur
87	Michelle Parker	Ortho	5	73	75	37	185	-0.0108108108108108	2	+91-9229734215	MIMS	Calicut
73	Sylvia Ferguson	Cardiology	1	75	84	31	190	-0.0473684210526315	3	+91-8069312371	Co-operative	Calicut
135	Stephanie Yang	Psychology	5	75	68	39	182	0.0384615384615384	5	+91-6222826420	MIMS	Calicut
136	Colton Jones	General	1	61	70	28	159	-0.0566037735849056	2	+91-9163599230	Nayara	Ernakulam
149	Brett Johnson	Ortho	1	73	55	48	176	0.1022727272727272	2	+91-9296998749	Jubilee Mission	Ernakulam
150	Jennifer Bailey	Psychology	3	71	68	26	165	0.0181818181818181	2	+91-9540169195	Jubilee Mission	Ernakulam
6	Kathryn Levy	General	4	71	51	42	164	0.12195121951219512	1	+91-8906965273	Medical College	Thrissur
2	Nicole Pham	Ortho	2	74	66	34	174	0.0459770114942528	5	+91-1614187441	Nayara	Ernakulam
3	Maria Proctor	Ortho	5	70	62	35	167	0.0479041916167664	5	+91-8452225935	Jubilee Mission	Ernakulam
4	Mr. Samuel Miller	Ortho	4	69	58	38	165	0.0666666666666666	4	+91-6320449529	Co-operative	Calicut
5	Wesley Rodriguez	ENT	1	76	67	43	186	0.0483870967741935	3	+91-8317444673	Jubilee Mission	Ernakulam
7	Jose Elliott	General	5	73	75	37	185	-0.0108108108108108	6	+91-8908281398	Co-operative	Calicut
8	Justin Hernandez	General	5	64	55	32	151	0.0596026490066225	3	+91-1400001732	Co-operative	Calicut
9	Kelly Strickland	General	5	77	53	44	174	0.1379310344827586	1	+91-7777885232	Amala Hospital	Thrissur
10	John Edwards	Ortho	5	62	62	45	169	0	4	+91-5549253147	Amala Hospital	Thrissur
126	Lauren Krause	Ortho	3	58	76	41	175	-0.1028571428571428	3	+91-7825657244	Medical College	Thrissur
127	Christopher Weaver	Pediatrics	3	72	68	33	173	0.0231213872832369	2	+91-2538852358	Nayara	Ernakulam
33	Samantha Collins	Cardiology	2	82	65	48	195	0.0871794871794871	1	+91-6582659594	Medical College	Thrissur
74	Jason Rodriguez	Ortho	1	65	44	27	136	0.1544117647058823	1	+91-6684169444	Jubilee Mission	Ernakulam
75	Katrina Jackson	General	4	68	65	34	167	0.0179640718562874	3	+91-6234771067	Amala Hospital	Thrissur
76	Christina Cox MD	General	1	56	70	40	166	-0.0843373493975903	7	+91-7425464374	Medical College	Thrissur
23	Autumn Cameron	General	4	61	63	33	157	-0.0127388535031847	7	+91-2669217365	Co-operative	Calicut
26	Angelica Barrett	Pediatrics	5	52	55	46	153	-0.0196078431372549	4	+91-6164694000	Jubilee Mission	Ernakulam
59	Vanessa Thompson	Pediatrics	1	67	72	36	175	-0.0285714285714285	1	+91-4321280738	Amala Hospital	Thrissur
60	Karen Diaz	Psychology	3	75	68	39	182	0.0384615384615384	1	+91-4319249227	Jubilee Mission	Ernakulam
61	Mark Zhang	Psychology	1	59	61	29	149	-0.0134228187919463	2	+91-7912588116	Nayara	Ernakulam
62	Joshua Bentley	ENT	2	89	69	36	194	0.1030927835051546	1	+91-9946535124	Amala Hospital	Thrissur
63	Amanda Gomez	General	1	62	62	45	169	0	5	+91-5082385915	Co-operative	Calicut
64	Kathleen Glass	Cardiology	5	75	73	40	188	0.0106382978723404	6	+91-1411020680	MIMS	Calicut
69	Kim Hill	General	5	72	52	38	162	0.1234567901234567	1	+91-1153740675	MIMS	Calicut
11	James Peters	Psychology	3	61	63	33	157	-0.0127388535031847	2	+91-6696114975	Co-operative	Calicut
88	Jacqueline Moore	Pediatrics	5	64	68	35	167	-0.0239520958083832	3	+91-7606218483	Co-operative	Calicut
89	Timothy Norris	Pediatrics	1	63	68	38	169	-0.029585798816568	2	+91-1026113140	Amala Hospital	Thrissur
90	James Simmons	Ortho	5	65	66	44	175	-0.0057142857142857	2	+91-2462293808	Medical College	Thrissur
91	Micheal Blair	Psychology	5	72	66	43	181	0.0331491712707182	6	+91-1569106652	MIMS	Calicut
92	Edwin Holt	Cardiology	2	70	66	31	167	0.0239520958083832	5	+91-1467310661	MIMS	Calicut
93	Vanessa Nelson	Ortho	1	63	61	37	161	0.0124223602484472	5	+91-3299504242	Co-operative	Calicut
94	Tracey White	Ortho	1	67	41	36	144	0.1805555555555555	1	+91-4359455917	Co-operative	Calicut
95	Gina Gonzalez	Psychology	5	74	66	34	174	0.0459770114942528	4	+91-7366480811	MIMS	Calicut
96	Virginia Franco	Cardiology	1	68	72	39	179	-0.0223463687150838	4	+91-1323405708	Jubilee Mission	Ernakulam
27	Lisa Hall	ENT	3	81	62	24	167	0.11377245508982035	1	+91-5350357041	Medical College	Thrissur
115	Nathan Ramos	General	3	72	68	26	166	0.024096385542168676	4	+91-4606140135	Co-operative	Calicut
113	Heather Williamson	Cardiology	3	66	55	42	163	0.0674846625766871	2	+91-5480668744	Medical College	Thrissur
117	Phillip Frye	Pediatrics	1	69	50	41	160	0.11875	2	+91-3968985029	Co-operative	Calicut
118	Christy Allen	Psychology	3	78	62	37	177	0.0903954802259887	1	+91-1521953468	MIMS	Calicut
119	Kevin Porter	Ortho	2	67	72	36	175	-0.0285714285714285	9	+91-8416330699	Nayara	Ernakulam
120	Edward Robinson	Psychology	3	70	66	41	177	0.0225988700564971	1	+91-6137861270	Co-operative	Calicut
121	Jeremy Brown	Pediatrics	3	60	71	41	172	-0.063953488372093	2	+91-7515668996	Medical College	Thrissur
122	Colleen Richardson	Psychology	1	57	61	48	166	-0.0240963855421686	1	+91-5560947505	Medical College	Thrissur
123	Ian Smith	Psychology	4	71	60	29	160	0.06875	2	+91-6654587867	Amala Hospital	Thrissur
13	Michael Burgess	ENT	1	68	65	34	167	0.0179640718562874	3	+91-8764730287	Medical College	Thrissur
15	Miss Elizabeth Rivera DDS	Pediatrics	4	73	65	36	174	0.0459770114942528	3	+91-5370140704	MIMS	Calicut
16	Vincent Murphy	Cardiology	2	70	56	34	160	0.0875	1	+91-3784510738	MIMS	Calicut
17	Steven Hart	Cardiology	2	63	69	41	173	-0.0346820809248554	3	+91-2114023378	Medical College	Thrissur
18	Joanne Jones	Ortho	5	71	60	29	160	0.06875	1	+91-1784304695	MIMS	Calicut
19	Jose Page	Pediatrics	3	77	53	44	174	0.1379310344827586	1	+91-2928164307	Co-operative	Calicut
20	Malik Harding	Cardiology	4	69	62	44	175	0.04	3	+91-9916435385	Nayara	Ernakulam
21	Jesse Diaz	General	4	62	74	42	178	-0.0674157303370786	3	+91-1973175650	MIMS	Calicut
22	Frederick Reed DDS	General	4	58	76	41	175	-0.1028571428571428	7	+91-8039883271	Amala Hospital	Thrissur
67	Evelyn Hanna	Psychology	1	63	61	37	161	0.0124223602484472	3	+91-4719288149	Jubilee Mission	Ernakulam
68	Stephanie Miller	Ortho	3	62	62	45	169	0	1	+91-3024955051	Medical College	Thrissur
70	Marissa Powell	General	4	62	74	52	188	-0.0638297872340425	9	+91-8259191218	Co-operative	Calicut
71	Kimberly Thompson	Pediatrics	1	75	69	39	183	0.0327868852459016	3	+91-1813608791	Jubilee Mission	Ernakulam
28	Sean Newman	ENT	4	53	67	28	148	-0.0945945945945946	4	+91-4796966689	Nayara	Ernakulam
29	Cathy Wilson	General	2	60	82	42	184	-0.1195652173913043	8	+91-1564821376	Medical College	Thrissur
55	Jacob Garcia	Cardiology	5	74	67	58	199	0.0351758793969849	2	+91-9410346156	Jubilee Mission	Ernakulam
56	Lisa Smith	General	4	64	61	52	177	0.0169491525423728	4	+91-5174180474	Amala Hospital	Thrissur
57	Nathan Bell	ENT	4	59	56	39	154	0.0194805194805194	3	+91-5823141384	Nayara	Ernakulam
58	Ryan Smith	Cardiology	2	64	66	25	155	-0.0129032258064516	4	+91-9308300542	Nayara	Ernakulam
44	Alan Palmer	Cardiology	2	52	70	34	156	-0.1153846153846153	8	+91-6086287154	MIMS	Calicut
45	Joshua Martin	Ortho	4	74	55	43	172	0.1104651162790697	1	+91-6865430462	Nayara	Ernakulam
46	Patrick Mahoney	ENT	5	75	64	52	191	0.0575916230366492	2	+91-3591203461	Medical College	Thrissur
138	Pamela Holder	Ortho	2	75	73	40	188	0.0106382978723404	6	+91-3469183411	Nayara	Ernakulam
139	Ashley Oconnor	Cardiology	1	53	67	28	148	-0.0945945945945946	5	+91-1828513141	Amala Hospital	Thrissur
140	Matthew Duncan	Ortho	3	66	55	42	163	0.0674846625766871	4	+91-4591777253	Nayara	Ernakulam
141	Brian Mason	ENT	3	89	69	36	194	0.1030927835051546	1	+91-3264162790	Nayara	Ernakulam
142	Bradley Jackson	General	2	76	60	33	169	0.0946745562130177	2	+91-6065277157	Medical College	Thrissur
146	Timothy Nguyen	Cardiology	2	61	57	30	148	0.027027027027027	3	+91-3895333122	Jubilee Mission	Ernakulam
147	Stephanie Johnson	General	5	57	52	39	148	0.0337837837837837	5	+91-3719059725	Medical College	Thrissur
148	William Mason	General	3	78	63	51	192	0.078125	2	+91-4893609425	Co-operative	Calicut
77	Dustin Ford	Cardiology	2	82	63	19	164	0.1158536585365853	1	+91-4416723700	Jubilee Mission	Ernakulam
\.


--
-- Data for Name: chatbot_multipledoctors; Type: TABLE DATA; Schema: public; Owner: postgres
--

COPY public.chatbot_multipledoctors (id, "user", department, place, hospital_name, experience) FROM stdin;
1	\N	ENT	\N	\N	\N
11	0u5gwefgfjl3zht0bew0zhd08diwoksb	ENT	\N	\N	\N
\.


--
-- Data for Name: chatbot_review; Type: TABLE DATA; Schema: public; Owner: postgres
--

COPY public.chatbot_review (id, department, doctor_id_id, review) FROM stdin;
1	Cardiology	1	I will not recommend this doctor. He is very bad person.
2	Ortho	4	This is a bad experience for me and I will not recommend this doctor to my friends.
3	Cardiology	1	Displeased with a doctor's dismissive attitude, rushed diagnosis, and unprofessional staff. My overall experience was disappointing, and I cannot recommend this healthcare provider.
4	General	6	Displeased with a doctor's dismissive attitude, rushed diagnosis, and unprofessional staff. My overall experience was disappointing, and I cannot recommend this healthcare provider.
5	General	8	Displeased with a doctor's dismissive attitude, rushed diagnosis, and unprofessional staff. My overall experience was disappointing, and I cannot recommend this healthcare provider.
6	Cardiology	43	Displeased with a doctor's dismissive attitude, rushed diagnosis, and unprofessional staff. My overall experience was disappointing, and I cannot recommend this healthcare provider.
7	Cardiology	1	Displeased with a doctor's dismissive attitude, rushed diagnosis, and unprofessional staff. My overall experience was disappointing, and I cannot recommend this healthcare provider.
8	Cardiology	1	Displeased with a doctor's dismissive attitude, rushed diagnosis, and unprofessional staff. My overall experience was disappointing, and I cannot recommend this healthcare provider.
9	Cardiology	1	Displeased with a doctor's dismissive attitude, rushed diagnosis, and unprofessional staff. My overall experience was disappointing, and I cannot recommend this healthcare provider.
10	Cardiology	1	The doctor exhibited a lack of empathy and rushed through the appointment. Communication was poor, leaving me feeling unheard. Overall, the experience was disappointing, and I'm considering seeking care elsewhere.
11	Cardiology	1	Exceptional care, thorough expertise, and a compassionate approach. The doctor's commitment to patient well-being is evident through meticulous diagnosis and effective communication. Grateful for outstanding healthcare.
12	Cardiology	1	The doctor provided thorough explanations, demonstrating good medical knowledge. The overall experience was average, with a neutral tone in communication. However, there was room for improvement in punctuality and waiting times.
13	General	66	The doctor provided competent and professional care. However, the waiting time was longer than expected. Overall, the experience was satisfactory, but improvements in scheduling could enhance the patient's experience.
14	Cardiology	1	Exceptional care, attentive staff, and a welcoming atmosphere. My experience was excellent, and the treatment received was top-notch.
15	Cardiology	1	Average service, standard procedures. The visit was neither outstanding nor disappointing, meeting basic expectations for a medical appointment.
16	Cardiology	1	Disappointing service, long wait times, and poor communication. The overall experience fell short of expectations.
17	General	66	The doctor provided standard care, addressing my medical needs without standout qualities. The clinic's facilities were average, and the overall experience was neither exceptional nor disappointing.
18	General	102	The doctor lacked empathy and rushed through the appointment, leaving me feeling unheard. The clinic's organization was subpar, leading to long wait times. Improvement is needed for a better patient experience.
19	General	115	The doctor demonstrated exceptional care and expertise, addressing my concerns with patience. The clinic's atmosphere was welcoming, and the staff was courteous. 
20	ENT	65	this doctor is very cruel person.
21	General	115	This is a cruel doctor
22	ENT	27	nice doctor
23	Cardiology	114	The cardiologist lacked empathy, rushed through the consultation, and showed little interest in addressing concerns. Their dismissive attitude and lack of professionalism left me feeling anxious and dissatisfied.
24	General	8	this doctor is a cruel person
25	Cardiology	128	The cardiologist provided satisfactory care, but lacked warmth and thoroughness. Consultation felt somewhat rushed, and communication could have been clearer. Overall, an average experience without any standout positives or negatives.
26	General	66	The cardiologist lacked empathy, rushed through the consultation, and showed little interest in addressing concerns. Their dismissive attitude and lack of professionalism left me feeling anxious and dissatisfied.
27	General	134	The cardiologist provided satisfactory care, but lacked warmth and thoroughness. Consultation felt somewhat rushed, and communication could have been clearer. Overall, an average experience without any standout positives or negatives.
28	Cardiology	1	The cardiologist provided subpar care, displaying a lack of empathy and professionalism. Consultation felt rushed and dismissive, with minimal attention to concerns. Communication was poor, leaving me feeling dissatisfied and unsupported. Avoid if possible.
29	Cardiology	1	The cardiologist provided subpar care, displaying a lack of empathy and professionalism. Consultation felt rushed and dismissive, with minimal attention to concerns. Communication was poor, leaving me feeling dissatisfied and unsupported. Avoid if possible.
30	Cardiology	129	The cardiologist provided subpar care, displaying a lack of empathy and professionalism. Consultation felt rushed and dismissive, with minimal attention to concerns. Communication was poor, leaving me feeling dissatisfied and unsupported. Avoid if possible.
31	Cardiology	64	The cardiologist provided satisfactory care, but lacked warmth and thoroughness. Consultation felt somewhat rushed, and communication could have been clearer. Overall, an average experience without any standout positives or negatives.
32	Cardiology	129	The cardiologist provided satisfactory care, but lacked warmth and thoroughness. Consultation felt somewhat rushed, and communication could have been clearer. Overall, an average experience without any standout positives or negatives.
33	Cardiology	96	The cardiologist provided subpar care, displaying a lack of empathy and professionalism. Consultation felt rushed and dismissive, with minimal attention to concerns. Communication was poor, leaving me feeling dissatisfied and unsupported. Avoid if possible.
34	Cardiology	72	The cardiologist provided satisfactory care, but lacked warmth and thoroughness. Consultation felt somewhat rushed, and communication could have been clearer. Overall, an average experience without any standout positives or negatives.
35	ENT	14	The cardiologist provided subpar care, displaying a lack of empathy and professionalism. Consultation felt rushed and dismissive, with minimal attention to concerns. Communication was poor, leaving me feeling dissatisfied and unsupported. Avoid if possible.
36	Ortho	130	The cardiologist provided subpar care, displaying a lack of empathy and professionalism. Consultation felt rushed and dismissive, with minimal attention to concerns. Communication was poor, leaving me feeling dissatisfied and unsupported. Avoid if possible.
37	ENT	14	The cardiologist provided subpar care, displaying a lack of empathy and professionalism. Consultation felt rushed and dismissive, with minimal attention to concerns. Communication was poor, leaving me feeling dissatisfied and unsupported. Avoid if possible.
38	ENT	83	The cardiologist provided subpar care, displaying a lack of empathy and professionalism. Consultation felt rushed and dismissive, with minimal attention to concerns. Communication was poor, leaving me feeling dissatisfied and unsupported. Avoid if possible.
39	ENT	83	The cardiologist provided subpar care, displaying a lack of empathy and professionalism. Consultation felt rushed and dismissive, with minimal attention to concerns. Communication was poor, leaving me feeling dissatisfied and unsupported. Avoid if possible.
40	Cardiology	38	The cardiologist provided satisfactory care, but lacked warmth and thoroughness. Consultation felt somewhat rushed, and communication could have been clearer. Overall, an average experience without any standout positives or negatives.
41	ENT	31	The cardiologist provided satisfactory care, but lacked warmth and thoroughness. Consultation felt somewhat rushed, and communication could have been clearer. Overall, an average experience without any standout positives or negatives.
42	Cardiology	114	The cardiologist provided satisfactory care, but lacked warmth and thoroughness. Consultation felt somewhat rushed, and communication could have been clearer. Overall, an average experience without any standout positives or negatives.
\.


--
-- Data for Name: django_admin_log; Type: TABLE DATA; Schema: public; Owner: postgres
--

COPY public.django_admin_log (id, action_time, object_id, object_repr, action_flag, change_message, content_type_id, user_id) FROM stdin;
\.


--
-- Data for Name: django_content_type; Type: TABLE DATA; Schema: public; Owner: postgres
--

COPY public.django_content_type (id, app_label, model) FROM stdin;
1	admin	logentry
2	auth	permission
3	auth	group
4	auth	user
5	contenttypes	contenttype
6	sessions	session
7	chatbot	doctordetails
8	chatbot	review
9	chatbot	multipledoctors
\.


--
-- Data for Name: django_migrations; Type: TABLE DATA; Schema: public; Owner: postgres
--

COPY public.django_migrations (id, app, name, applied) FROM stdin;
1	contenttypes	0001_initial	2023-11-29 15:52:08.302415+05:30
2	auth	0001_initial	2023-11-29 15:52:08.459793+05:30
3	admin	0001_initial	2023-11-29 15:52:08.49849+05:30
4	admin	0002_logentry_remove_auto_add	2023-11-29 15:52:08.510207+05:30
5	admin	0003_logentry_add_action_flag_choices	2023-11-29 15:52:08.513627+05:30
6	contenttypes	0002_remove_content_type_name	2023-11-29 15:52:08.530577+05:30
7	auth	0002_alter_permission_name_max_length	2023-11-29 15:52:08.544371+05:30
8	auth	0003_alter_user_email_max_length	2023-11-29 15:52:08.544371+05:30
9	auth	0004_alter_user_username_opts	2023-11-29 15:52:08.559043+05:30
10	auth	0005_alter_user_last_login_null	2023-11-29 15:52:08.560813+05:30
11	auth	0006_require_contenttypes_0002	2023-11-29 15:52:08.560813+05:30
12	auth	0007_alter_validators_add_error_messages	2023-11-29 15:52:08.577504+05:30
13	auth	0008_alter_user_username_max_length	2023-11-29 15:52:08.594403+05:30
14	auth	0009_alter_user_last_name_max_length	2023-11-29 15:52:08.594403+05:30
15	auth	0010_alter_group_name_max_length	2023-11-29 15:52:08.609919+05:30
16	auth	0011_update_proxy_permissions	2023-11-29 15:52:08.61302+05:30
17	auth	0012_alter_user_first_name_max_length	2023-11-29 15:52:08.622593+05:30
18	chatbot	0001_initial	2023-11-29 15:52:08.630598+05:30
19	chatbot	0002_review	2023-11-29 15:52:08.645831+05:30
20	chatbot	0003_review_doctor_id_review_review	2023-11-29 15:52:08.678694+05:30
21	chatbot	0004_doctordetails_contact_number_and_more	2023-11-29 15:52:08.69451+05:30
22	sessions	0001_initial	2023-11-29 15:52:08.713144+05:30
23	chatbot	0005_multipledetails_singledoctor	2024-02-21 20:35:52.384192+05:30
24	chatbot	0006_rename_multipledetails_multipledoctors	2024-02-21 20:35:52.424106+05:30
25	chatbot	0007_delete_singledoctor	2024-02-21 20:35:52.450115+05:30
26	chatbot	0008_alter_multipledoctors_department_and_more	2024-02-21 20:35:52.450115+05:30
\.


--
-- Data for Name: django_session; Type: TABLE DATA; Schema: public; Owner: postgres
--

COPY public.django_session (session_key, session_data, expire_date) FROM stdin;
cwt572sdwq4l6m80x5vo351i5x9dvv1y	.eJxVjDsOwjAQBe_iGllrEn9CSZ8zRLveNQ4gW4qTCnF3iJQC2jcz76Um3NY8bU2WaWZ1UUadfjfC-JCyA75juVUda1mXmfSu6IM2PVaW5_Vw_w4ytvytI_cmxaELKBbEWXBMCT0kMgxswwC9DGQTeE8OUZjBgg9nErFdZ7x6fwAAVzhb:1r8IIu:TmrAE6WX3x8OjmSYM8GKtOsozyTT-MdmCrrSEGruqaU	2023-12-13 16:30:28.423451+05:30
mfkzeavpwmbdzqft2swdz0ox02m8w21g	e30:1rco8E:8qZBjR4FqAhJGP2itangExo0uRev3FWFLgdAHxUFIbs	2024-03-06 20:33:34.433742+05:30
9zzy9aq3mlqjd8n0hbsw0t1e2pudsz1q	.eJxVjEEOwiAQRe_C2pBBBgSX7nsGMgwgVUOT0q6Md7dNutDtf-_9twi0LjWsPc9hTOIqlDj9bpH4mdsO0oPafZI8tWUeo9wVedAuhynl1-1w_w4q9brVOaLVgMS6sMmelS1wcWAMgI02nQuy02SN8YAbAuM1FqcsJKUwEojPF83pNs4:1rd1ox:ldW04EISs-pzMXT6FixVknDoFVt1u0_s-7iGPfGGMF8	2024-03-07 11:10:35.267996+05:30
\.


--
-- Name: auth_group_id_seq; Type: SEQUENCE SET; Schema: public; Owner: postgres
--

SELECT pg_catalog.setval('public.auth_group_id_seq', 1, false);


--
-- Name: auth_group_permissions_id_seq; Type: SEQUENCE SET; Schema: public; Owner: postgres
--

SELECT pg_catalog.setval('public.auth_group_permissions_id_seq', 1, false);


--
-- Name: auth_permission_id_seq; Type: SEQUENCE SET; Schema: public; Owner: postgres
--

SELECT pg_catalog.setval('public.auth_permission_id_seq', 36, true);


--
-- Name: auth_user_groups_id_seq; Type: SEQUENCE SET; Schema: public; Owner: postgres
--

SELECT pg_catalog.setval('public.auth_user_groups_id_seq', 1, false);


--
-- Name: auth_user_id_seq; Type: SEQUENCE SET; Schema: public; Owner: postgres
--

SELECT pg_catalog.setval('public.auth_user_id_seq', 2, true);


--
-- Name: auth_user_user_permissions_id_seq; Type: SEQUENCE SET; Schema: public; Owner: postgres
--

SELECT pg_catalog.setval('public.auth_user_user_permissions_id_seq', 1, false);


--
-- Name: chatbot_doctordetails_id_seq; Type: SEQUENCE SET; Schema: public; Owner: postgres
--

SELECT pg_catalog.setval('public.chatbot_doctordetails_id_seq', 150, true);


--
-- Name: chatbot_multipledetails_id_seq; Type: SEQUENCE SET; Schema: public; Owner: postgres
--

SELECT pg_catalog.setval('public.chatbot_multipledetails_id_seq', 11, true);


--
-- Name: chatbot_review_id_seq; Type: SEQUENCE SET; Schema: public; Owner: postgres
--

SELECT pg_catalog.setval('public.chatbot_review_id_seq', 42, true);


--
-- Name: django_admin_log_id_seq; Type: SEQUENCE SET; Schema: public; Owner: postgres
--

SELECT pg_catalog.setval('public.django_admin_log_id_seq', 1, false);


--
-- Name: django_content_type_id_seq; Type: SEQUENCE SET; Schema: public; Owner: postgres
--

SELECT pg_catalog.setval('public.django_content_type_id_seq', 9, true);


--
-- Name: django_migrations_id_seq; Type: SEQUENCE SET; Schema: public; Owner: postgres
--

SELECT pg_catalog.setval('public.django_migrations_id_seq', 26, true);


--
-- Name: auth_group auth_group_name_key; Type: CONSTRAINT; Schema: public; Owner: postgres
--

ALTER TABLE ONLY public.auth_group
    ADD CONSTRAINT auth_group_name_key UNIQUE (name);


--
-- Name: auth_group_permissions auth_group_permissions_group_id_permission_id_0cd325b0_uniq; Type: CONSTRAINT; Schema: public; Owner: postgres
--

ALTER TABLE ONLY public.auth_group_permissions
    ADD CONSTRAINT auth_group_permissions_group_id_permission_id_0cd325b0_uniq UNIQUE (group_id, permission_id);


--
-- Name: auth_group_permissions auth_group_permissions_pkey; Type: CONSTRAINT; Schema: public; Owner: postgres
--

ALTER TABLE ONLY public.auth_group_permissions
    ADD CONSTRAINT auth_group_permissions_pkey PRIMARY KEY (id);


--
-- Name: auth_group auth_group_pkey; Type: CONSTRAINT; Schema: public; Owner: postgres
--

ALTER TABLE ONLY public.auth_group
    ADD CONSTRAINT auth_group_pkey PRIMARY KEY (id);


--
-- Name: auth_permission auth_permission_content_type_id_codename_01ab375a_uniq; Type: CONSTRAINT; Schema: public; Owner: postgres
--

ALTER TABLE ONLY public.auth_permission
    ADD CONSTRAINT auth_permission_content_type_id_codename_01ab375a_uniq UNIQUE (content_type_id, codename);


--
-- Name: auth_permission auth_permission_pkey; Type: CONSTRAINT; Schema: public; Owner: postgres
--

ALTER TABLE ONLY public.auth_permission
    ADD CONSTRAINT auth_permission_pkey PRIMARY KEY (id);


--
-- Name: auth_user_groups auth_user_groups_pkey; Type: CONSTRAINT; Schema: public; Owner: postgres
--

ALTER TABLE ONLY public.auth_user_groups
    ADD CONSTRAINT auth_user_groups_pkey PRIMARY KEY (id);


--
-- Name: auth_user_groups auth_user_groups_user_id_group_id_94350c0c_uniq; Type: CONSTRAINT; Schema: public; Owner: postgres
--

ALTER TABLE ONLY public.auth_user_groups
    ADD CONSTRAINT auth_user_groups_user_id_group_id_94350c0c_uniq UNIQUE (user_id, group_id);


--
-- Name: auth_user auth_user_pkey; Type: CONSTRAINT; Schema: public; Owner: postgres
--

ALTER TABLE ONLY public.auth_user
    ADD CONSTRAINT auth_user_pkey PRIMARY KEY (id);


--
-- Name: auth_user_user_permissions auth_user_user_permissions_pkey; Type: CONSTRAINT; Schema: public; Owner: postgres
--

ALTER TABLE ONLY public.auth_user_user_permissions
    ADD CONSTRAINT auth_user_user_permissions_pkey PRIMARY KEY (id);


--
-- Name: auth_user_user_permissions auth_user_user_permissions_user_id_permission_id_14a6b632_uniq; Type: CONSTRAINT; Schema: public; Owner: postgres
--

ALTER TABLE ONLY public.auth_user_user_permissions
    ADD CONSTRAINT auth_user_user_permissions_user_id_permission_id_14a6b632_uniq UNIQUE (user_id, permission_id);


--
-- Name: auth_user auth_user_username_key; Type: CONSTRAINT; Schema: public; Owner: postgres
--

ALTER TABLE ONLY public.auth_user
    ADD CONSTRAINT auth_user_username_key UNIQUE (username);


--
-- Name: chatbot_doctordetails chatbot_doctordetails_pkey; Type: CONSTRAINT; Schema: public; Owner: postgres
--

ALTER TABLE ONLY public.chatbot_doctordetails
    ADD CONSTRAINT chatbot_doctordetails_pkey PRIMARY KEY (id);


--
-- Name: chatbot_multipledoctors chatbot_multipledetails_pkey; Type: CONSTRAINT; Schema: public; Owner: postgres
--

ALTER TABLE ONLY public.chatbot_multipledoctors
    ADD CONSTRAINT chatbot_multipledetails_pkey PRIMARY KEY (id);


--
-- Name: chatbot_review chatbot_review_pkey; Type: CONSTRAINT; Schema: public; Owner: postgres
--

ALTER TABLE ONLY public.chatbot_review
    ADD CONSTRAINT chatbot_review_pkey PRIMARY KEY (id);


--
-- Name: django_admin_log django_admin_log_pkey; Type: CONSTRAINT; Schema: public; Owner: postgres
--

ALTER TABLE ONLY public.django_admin_log
    ADD CONSTRAINT django_admin_log_pkey PRIMARY KEY (id);


--
-- Name: django_content_type django_content_type_app_label_model_76bd3d3b_uniq; Type: CONSTRAINT; Schema: public; Owner: postgres
--

ALTER TABLE ONLY public.django_content_type
    ADD CONSTRAINT django_content_type_app_label_model_76bd3d3b_uniq UNIQUE (app_label, model);


--
-- Name: django_content_type django_content_type_pkey; Type: CONSTRAINT; Schema: public; Owner: postgres
--

ALTER TABLE ONLY public.django_content_type
    ADD CONSTRAINT django_content_type_pkey PRIMARY KEY (id);


--
-- Name: django_migrations django_migrations_pkey; Type: CONSTRAINT; Schema: public; Owner: postgres
--

ALTER TABLE ONLY public.django_migrations
    ADD CONSTRAINT django_migrations_pkey PRIMARY KEY (id);


--
-- Name: django_session django_session_pkey; Type: CONSTRAINT; Schema: public; Owner: postgres
--

ALTER TABLE ONLY public.django_session
    ADD CONSTRAINT django_session_pkey PRIMARY KEY (session_key);


--
-- Name: auth_group_name_a6ea08ec_like; Type: INDEX; Schema: public; Owner: postgres
--

CREATE INDEX auth_group_name_a6ea08ec_like ON public.auth_group USING btree (name varchar_pattern_ops);


--
-- Name: auth_group_permissions_group_id_b120cbf9; Type: INDEX; Schema: public; Owner: postgres
--

CREATE INDEX auth_group_permissions_group_id_b120cbf9 ON public.auth_group_permissions USING btree (group_id);


--
-- Name: auth_group_permissions_permission_id_84c5c92e; Type: INDEX; Schema: public; Owner: postgres
--

CREATE INDEX auth_group_permissions_permission_id_84c5c92e ON public.auth_group_permissions USING btree (permission_id);


--
-- Name: auth_permission_content_type_id_2f476e4b; Type: INDEX; Schema: public; Owner: postgres
--

CREATE INDEX auth_permission_content_type_id_2f476e4b ON public.auth_permission USING btree (content_type_id);


--
-- Name: auth_user_groups_group_id_97559544; Type: INDEX; Schema: public; Owner: postgres
--

CREATE INDEX auth_user_groups_group_id_97559544 ON public.auth_user_groups USING btree (group_id);


--
-- Name: auth_user_groups_user_id_6a12ed8b; Type: INDEX; Schema: public; Owner: postgres
--

CREATE INDEX auth_user_groups_user_id_6a12ed8b ON public.auth_user_groups USING btree (user_id);


--
-- Name: auth_user_user_permissions_permission_id_1fbb5f2c; Type: INDEX; Schema: public; Owner: postgres
--

CREATE INDEX auth_user_user_permissions_permission_id_1fbb5f2c ON public.auth_user_user_permissions USING btree (permission_id);


--
-- Name: auth_user_user_permissions_user_id_a95ead1b; Type: INDEX; Schema: public; Owner: postgres
--

CREATE INDEX auth_user_user_permissions_user_id_a95ead1b ON public.auth_user_user_permissions USING btree (user_id);


--
-- Name: auth_user_username_6821ab7c_like; Type: INDEX; Schema: public; Owner: postgres
--

CREATE INDEX auth_user_username_6821ab7c_like ON public.auth_user USING btree (username varchar_pattern_ops);


--
-- Name: chatbot_review_doctor_id_id_b18464bb; Type: INDEX; Schema: public; Owner: postgres
--

CREATE INDEX chatbot_review_doctor_id_id_b18464bb ON public.chatbot_review USING btree (doctor_id_id);


--
-- Name: django_admin_log_content_type_id_c4bce8eb; Type: INDEX; Schema: public; Owner: postgres
--

CREATE INDEX django_admin_log_content_type_id_c4bce8eb ON public.django_admin_log USING btree (content_type_id);


--
-- Name: django_admin_log_user_id_c564eba6; Type: INDEX; Schema: public; Owner: postgres
--

CREATE INDEX django_admin_log_user_id_c564eba6 ON public.django_admin_log USING btree (user_id);


--
-- Name: django_session_expire_date_a5c62663; Type: INDEX; Schema: public; Owner: postgres
--

CREATE INDEX django_session_expire_date_a5c62663 ON public.django_session USING btree (expire_date);


--
-- Name: django_session_session_key_c0390e0f_like; Type: INDEX; Schema: public; Owner: postgres
--

CREATE INDEX django_session_session_key_c0390e0f_like ON public.django_session USING btree (session_key varchar_pattern_ops);


--
-- Name: auth_group_permissions auth_group_permissio_permission_id_84c5c92e_fk_auth_perm; Type: FK CONSTRAINT; Schema: public; Owner: postgres
--

ALTER TABLE ONLY public.auth_group_permissions
    ADD CONSTRAINT auth_group_permissio_permission_id_84c5c92e_fk_auth_perm FOREIGN KEY (permission_id) REFERENCES public.auth_permission(id) DEFERRABLE INITIALLY DEFERRED;


--
-- Name: auth_group_permissions auth_group_permissions_group_id_b120cbf9_fk_auth_group_id; Type: FK CONSTRAINT; Schema: public; Owner: postgres
--

ALTER TABLE ONLY public.auth_group_permissions
    ADD CONSTRAINT auth_group_permissions_group_id_b120cbf9_fk_auth_group_id FOREIGN KEY (group_id) REFERENCES public.auth_group(id) DEFERRABLE INITIALLY DEFERRED;


--
-- Name: auth_permission auth_permission_content_type_id_2f476e4b_fk_django_co; Type: FK CONSTRAINT; Schema: public; Owner: postgres
--

ALTER TABLE ONLY public.auth_permission
    ADD CONSTRAINT auth_permission_content_type_id_2f476e4b_fk_django_co FOREIGN KEY (content_type_id) REFERENCES public.django_content_type(id) DEFERRABLE INITIALLY DEFERRED;


--
-- Name: auth_user_groups auth_user_groups_group_id_97559544_fk_auth_group_id; Type: FK CONSTRAINT; Schema: public; Owner: postgres
--

ALTER TABLE ONLY public.auth_user_groups
    ADD CONSTRAINT auth_user_groups_group_id_97559544_fk_auth_group_id FOREIGN KEY (group_id) REFERENCES public.auth_group(id) DEFERRABLE INITIALLY DEFERRED;


--
-- Name: auth_user_groups auth_user_groups_user_id_6a12ed8b_fk_auth_user_id; Type: FK CONSTRAINT; Schema: public; Owner: postgres
--

ALTER TABLE ONLY public.auth_user_groups
    ADD CONSTRAINT auth_user_groups_user_id_6a12ed8b_fk_auth_user_id FOREIGN KEY (user_id) REFERENCES public.auth_user(id) DEFERRABLE INITIALLY DEFERRED;


--
-- Name: auth_user_user_permissions auth_user_user_permi_permission_id_1fbb5f2c_fk_auth_perm; Type: FK CONSTRAINT; Schema: public; Owner: postgres
--

ALTER TABLE ONLY public.auth_user_user_permissions
    ADD CONSTRAINT auth_user_user_permi_permission_id_1fbb5f2c_fk_auth_perm FOREIGN KEY (permission_id) REFERENCES public.auth_permission(id) DEFERRABLE INITIALLY DEFERRED;


--
-- Name: auth_user_user_permissions auth_user_user_permissions_user_id_a95ead1b_fk_auth_user_id; Type: FK CONSTRAINT; Schema: public; Owner: postgres
--

ALTER TABLE ONLY public.auth_user_user_permissions
    ADD CONSTRAINT auth_user_user_permissions_user_id_a95ead1b_fk_auth_user_id FOREIGN KEY (user_id) REFERENCES public.auth_user(id) DEFERRABLE INITIALLY DEFERRED;


--
-- Name: chatbot_review chatbot_review_doctor_id_id_b18464bb_fk_chatbot_d; Type: FK CONSTRAINT; Schema: public; Owner: postgres
--

ALTER TABLE ONLY public.chatbot_review
    ADD CONSTRAINT chatbot_review_doctor_id_id_b18464bb_fk_chatbot_d FOREIGN KEY (doctor_id_id) REFERENCES public.chatbot_doctordetails(id) DEFERRABLE INITIALLY DEFERRED;


--
-- Name: django_admin_log django_admin_log_content_type_id_c4bce8eb_fk_django_co; Type: FK CONSTRAINT; Schema: public; Owner: postgres
--

ALTER TABLE ONLY public.django_admin_log
    ADD CONSTRAINT django_admin_log_content_type_id_c4bce8eb_fk_django_co FOREIGN KEY (content_type_id) REFERENCES public.django_content_type(id) DEFERRABLE INITIALLY DEFERRED;


--
-- Name: django_admin_log django_admin_log_user_id_c564eba6_fk_auth_user_id; Type: FK CONSTRAINT; Schema: public; Owner: postgres
--

ALTER TABLE ONLY public.django_admin_log
    ADD CONSTRAINT django_admin_log_user_id_c564eba6_fk_auth_user_id FOREIGN KEY (user_id) REFERENCES public.auth_user(id) DEFERRABLE INITIALLY DEFERRED;


--
-- PostgreSQL database dump complete
--

